recommended_tags,trigger_tags,trigger_tags,trigger_tags,trigger_tags,trigger_tags,trigger_tags,trigger_tags,trigger_tags,trigger_tags,,,,,
"1other, multiple others",dog,horse,pig,,,,,,,,,,,
"3d koikatsu, 3d blender, 3d mmd, 3d filmmaker",3d,,,,,,,,,,,,,
ass-to-ass,"double dildo, shared object insertion",,,,,,,,,,,,,
ass-to-ass penetration,"ass-to-ass, shared object insertion",,,,,,,,,,,,,
ass-to-ass penetration,"bestiality, dog",,,,,,,,,,,,,
cameltoe,"pussy, standing",,,,,,,,,,,,,
chinese ofuda,"ofuda, jiangshi","ofuda pasties, jiangshi","ofuda maebari, jiangshi",,,,,,,,,,,
coin pendulum,"coin, pendulum","holed coin, pendulum","coin, hypnosis","coin, mind control",,,,,,,,,,
"cum in mask, cum on mask","facial, mouth mask","facial, surgical mask",,,,,,,,,,,,
cum inflation,"cum, inflation","stomach bulge, overflow",,,,,,,,,,,,
cum inflation,"stomach bulge, overflow","pregnant, cum",,,,,,,,,,,,
cum overflow,"cum, overflow",,,,,,,,,,,,,
dark testicles,horse penis,,,,,,,,,,,,,
denied,humiliation,,,,,,,,,,,,,
dense,intricate,,,,,,,,,,,,,
dildo under panties,"dildo, vibrator under panties",,,,,,,,,,,,,
double dildo,"dildo, shared object insertion",,,,,,,,,,,,,
drink on tray,"holding tray, beer mug","holding tray, drinking glass","holding tray, cup","holding tray, tea","holding tray, coffee",,,,,,,,,
energy cube,cube,,,,,,,,,,,,,
food on tray,"holding tray, parfait","holding tray, desert","holding tray, food","holding tray, plate","holding tray, bread",,,,,,,,,
ganguro,"dark-skinned female, makeup","dark-skinned female, gyaru","dark-skinned female, facepaint",,,,,,,,,,,
"gaping pussy, gaping anus",gaping,,,,,,,,,,,,,
gross pussy,dark labia,,,,,,,,,,,,,
"holding condom packet strip, condom packet strip, condom wrapper, holding condom wrapper",condom wrapper,condom packet strip,,,,,,,,,,,,
holding katana,"holding sword, katana",,,,,,,,,,,,,
holding onahole,"holding, onahole",,,,,,,,,,,,,
"holding own sleeve, holding own sleeves","holding, sleeves past wrists","holding, wide sleeves, long sleeves",,,,,,,,,,,,
holding pregnancy test,"holding, pregnancy test",,,,,,,,,,,,,
horse dildo,"horse penis, dildo","horse penis, large dildo","horse penis, huge dildo",,,,,,,,,,,
intricate,dense,,,,,,,,,,,,,
japanese ofuda,"ofuda, miko","ofuda pasties, miko","ofuda maebari, miko",,,,,,,,,,,
"large dildo, huge dildo","dildo, large insertion",,,,,,,,,,,,,
licking tip,licking penis,,,,,,,,,,,,,
lipstick ring,lipstick mark,,,,,,,,,,,,,
"living wall, living floor","restrained, tentacles",,,,,,,,,,,,,
"living wall, living floor","tentacles, restrained",,,,,,,,,,,,,
"malesub, assertive female","femdom, 1girl, 1boy","femdom, 1girl, pov","femdom, 1girl, pov one hand","femdom, 1girl, pov hands","femdom, 1girl, pov crotch",,,,,,,,,
needle tentacles,"needle, tentacles",,,,,,,,,,,,,
ofuda slingshot swimsuit,"ofuda, slingshot swimsuit",,,,,,,,,,,,,
opened condom wrapper,condom wrapper,,,,,,,,,,,,,
oppai loli,"loli, medium breasts, 1girl","loli, large breasts, 1girl","loli, huge breasts, 1girl","loli, gigantic breasts, 1girl",,,,,,,,,,
perspective,vanishing point,,,,,,,,,,,,,
"pink dildo, black dildo",dildo,,,,,,,,,,,,,
"pov hands, pov one hand, pov crotch",pov,,,,,,,,,,,,,
pov masturbation,"pov crotch, male masturbation",,,,,,,,,,,,,
pov one hand,pov hands,,,,,,,,,,,,,
"pov one hand, pov hands",pov masturbation,,,,,,,,,,,,,
sex toy on tray,"holding tray, dildo","holding tray, sex toy","holding tray, lotion bottle","holding tray, condom box","holding tray, onahole",,,,,,,,,
"shoulder tattoo, arm tattoo, back tattoo, facial tattoo, pubic tattoo, chest tattoo, leg tattoo, stomach tattoo, tramp stamp, full-body tattoo, breast tattoo",tattoo,,,,,,,,,,,,,
slime excretion,"personality excrement, personality excretion",,,,,,,,,,,,,
spiked ball and chain,"spike ball, ball and chain (weapon)",,,,,,,,,,,,,
"tip against tip, side against side, shaft against shaft",penises touching,,,,,,,,,,,,,
drug mark,"bruise, syringe","syringe, injury","drugs, injury",,,,,,,,,,,
used condom on penis,"used condom, condom on penis",,,,,,,,,,,,,
"uterine prolapse, ovary prolapse, rectal prolapse, urethra prolapse",prolapse,,,,,,,,,,,,,
vanishing point,perspective,,,,,,,,,,,,,
viewer grabbing breast,"grabbing another's breast, pov","grabbing another's breast, pov one hand","grabbing another's breast, pov hands",,,,,,,,,,,
viewer holding bottle,"holding bottle, pov","holding bottle, pov one hand","holding bottle, pov hands",,,,,,,,,,,
viewer holding box,"holding box, pov","holding box, pov one hand","holding box, pov hands",,,,,,,,,,,
viewer holding box,"holding gift, pov","holding gift, pov one hand","holding gift, pov hands",,,,,,,,,,,
viewer holding condom,"holding condom, pov","holding condom, pov one hand","holding condom, pov hands","holding condom, pov crotch",,,,,,,,,,
viewer holding cup,"holding cup, pov","holding cup, pov one hand","holding cup, pov hands",,,,,,,,,,,
viewer holding food,"holding food, pov","holding food, pov one hand","holding food, pov hands",,,,,,,,,,,
viewer holding id,"holding id, pov","holding id, pov one hand","holding id, pov hands",,,,,,,,,,,
viewer holding money,"holding money, pov","holding money, pov one hand","holding money, pov hands","holding money, pov crotch",,,,,,,,,,
viewer holding phone,"holding phone, pov","holding phone, pov one hand","holding phone, pov hands","holding phone, pov crotch",,,,,,,,,,
viewer holding ring,"holding ring, pov","holding ring, pov one hand","holding ring, pov hands",,,,,,,,,,,
viewer holding scanner,"indoors, convenience store, condom box, pov","indoors, convenience store, condom box, pov one hand","indoors, convenience store, condom box, pov hands",,,,,,,,,,,
viewer holding syringe,"holding syringe, pov","holding syringe, pov one hand","holding syringe, pov hands",,,,,,,,,,,
viewer holding tail,"holding tail, pov","holding tail, pov one hand","holding tail, pov hands",,,,,,,,,,,
vomiting cum,"vomit, cum overflow","vomit, cum in mouth",,,,,,,,,,,,
western style,furry female,furry male,furry,,,,,,,,,,,
x-ray bars,"x-ray, bars","x-ray, prison",,,,,,,,,,,,
"x-ray head, x-ray wall, x-ray ass, x-ray vore, x-ray uterus, x-ray stomach",x-ray,,,,,,,,,,,,,
"x-ray table, x-ray desk","x-ray, table","x-ray, desk",x-ray chair,,,,,,,,,,,
"one hand strangling, double strangling",strangling,,,,,,,,,,,,,
embarrassed,nervous sweating,sweating profusely,,,,,,,,,,,,
"condom thigh belt, condom thighhighs",condom belt,,,,,,,,,,,,,
presenting wedding ring,"wedding ring, hand up",,,,,,,,,,,,,
double w,"double v, w",,,,,,,,,,,,,
fucked silly,"parted lips, ahegao",,,,,,,,,,,,,
coin pendulum,"coin, hypnosis",,,,,,,,,,,,,
female urethra penetration,urethra penetration,urethral penetration,,,,,,,,,,,,
pulling anal tail,anal tail,,,,,,,,,,,,,
pulling butt plug,butt plug,,,,,,,,,,,,,
pulling anal beads,anal beads,,,,,,,,,,,,,
bag charm,"charm (object), randoseru","charm (object), backpack","charm (object), school bag","prevention buzzer, randoseru","prevention buzzer, backpack","prevention buzzer, school bag","keychain, randoseru","keychain, backpack","keychain, school bag",,,,,
strap charm,"charm (object), randoseru","charm (object), backpack","charm (object), school bag","prevention buzzer, randoseru","prevention buzzer, backpack","prevention buzzer, school bag","keychain, randoseru","keychain, backpack","keychain, school bag",,,,,
"armless, legless",double amputee, amputee,single amputee,,,,,,,,,,,
"legsless, armsless",quadruple amputee,"double amputee, -armless","double amputee, -legsless",,,,,,,,,,,
covered stub,stump cover,,,,,,,,,,,,,
releasing anal beads,"gaping, anal beads","gaping anus, anal beads","anal beads, squirting","anal beads, after anal",,,,,,,,,,
releasing anal tail,"gaping, anal tail","gaping anus, anal tail","anal tail, squirting","anal tail, after anal",,,,,,,,,,
releasing butt plug,"gaping, butt plug","gaping anus, butt plug","butt plug, squirting","butt plug, after anal","gaping, jewel butt plug","gaping anus,jewel butt plug","jewel butt plug, squirting","jewel butt plug, after anal",,,,,,
releasing eggs,"egg, laying egg","egg, gaping anus","egg, gaping","egg, gaping pussy","egg, squirting",,,,,,,,,
releasing dildo,"dildo, gaping anus","dildo, gaping","dildo, gaping pussy","huge dildo, gaping anus","huge dildo, gaping","huge dildo, gaping pussy","large dildo, gaping anus","large dildo, gaping","large dildo, gaping pussy","dildo, squirting",huge dildo squirting,"dildo, pussy juice trail","large dildo, pussy juice trail","huge dildo, pussy juice trail"
cum bath,"bathtub, bukkake","bathtub, excessive cum",,,,,,,,,,,,
haigure pose,bowlegged pose,,,,,,,,,,,,,
holding id,"holding, id card",,,,,,,,,,,,,
drain plug,ring gag,,,,,,,,,,,,,
bandaged stub,"bandaged leg, legsless","bandaged arm, armless","bandaged arm, armless","bandaged leg, legless",,,,,,,,,,
japanese text,speech bubble,thought bubble,,,,,,,,,,,,
living clothes,tentacle clothes,,,,,,,,,,,,,
tickle torture,"tickling, restrained",tickling tears,,,,,,,,,,,,
"sounding rod, urethra beads, pink sounding rod, metal sounding rod",sounding,urethra insertion,urethral insertion,,,,,,,,,,,
feathers,tickle torture,,,,,,,,,,,,,
releasing sounding rod,pink sounding rod,sounding rod,metal sounding rod,urethra beads,,,,,,,,,,
pink tattoo,"glowing tattoo, pubic tattoo",,,,,,,,,,,,,
"pink tattoo, purple tattoo, red tattoo","pubic tattoo, glowing tattoo, -pink tattoo","pubic tattoo, glowing tattoo, -purple tattoo","pubic tattoo, glowing tattoo, -red tattoo",,,,,,,,,,,
strap slip,"bare shoulders, randoseru","bare shoulders, backpack","bare shoulders, bag",,,,,,,,,,,
holding smoking pipe,"holding pipe, kiseru","holding pipe, smoking pipe",,,,,,,,,,,,
pig costume,"pig ears, bodysuit","pig ears, pink bodysuit",,,,,,,,,,,,
"phallic accessories, phallic earrings, phallic necklace, phallic choker, phallic piercing, phallic cutout, phallic pasties",phallic symbol,,,,,,,,,,,,,
vial,"injection, corruption","injection, superhero",,,,,,,,,,,,
vine tentacle,"vines, tentacles",,,,,,,,,,,,,
livestock mark,meat lines,cut lines,meat marks,,,,,,,,,,,
bottle insertion,bottle penetration,,,,,,,,,,,,,
labia ring,"dark labia, labia piercing",,,,,,,,,,,,,
labia piercing,"dark labia, pussy piercing",,,,,,,,,,,,,
umbilical cord,"birth, baby",,,,,,,,,,,,,
objects in coat,"open coat, condom packet strip","open coat, condom wrapper","open coat, used condom",,,,,,,,,,,
objects in jacket,"open jacket, condom packet strip",open jacket condom wrapper,"open jacket, used condom",,,,,,,,,,,
safety pin,nipple tag,,,,,,,,,,,,,
nipple beads,"nipple object insertion, anal beads",,,,,,,,,,,,,
"nipple beads, vaginal beads","anal beads, -anal object insertion",,,,,,,,,,,,,
x-ray ass,"tongue, anilingus",,,,,,,,,,,,,
buying sex toys,"shopping bag, dildo","shopping bag, condom wrapper packet","shopping bag, condom box",,,,,,,,,,,
public tattoo,womb tattoo,,,,,,,,,,,,,
coiled tattoo,snake tattoo,octopus tattoo,tentacle tattoo,centipede tattoo,dragon tattoo,vine tattoo,,,,,,,,
coiled tentacles,"restrained, tentacles","restrained, tentacle pit",,,,,,,,,,,,
squeezing testicles,testicle grab,,,,,,,,,,,,,
kissing tip,kissing penis,,,,,,,,,,,,,
hanging jewelry,nipple jewelry,,,,,,,,,,,,,
corruption,saber alter,okita souji alter (fate),jeanne d'arc alter (fate),mysterious heroine x alter (fate),cu chulainn alter (fate),alter servant,artoria pendragon (lancer alter) (fate),,,,,,,
saber alter,"saber (fate), corruption",,,,,,,,,,,,,
bimbo lips,bimbofication,,,,,,,,,,,,,
stretch marks,"veiny belly, pregnant",,,,,,,,,,,,,
nipple penetration,"gaping, nipple penetration",,,,,,,,,,,,,
large clitoris,"erect clitoris, -huge clitoris",,,,,,,,,,,,,
huge clitoris,"erect clitoris, -large clitoris",,,,,,,,,,,,,
zoom layer,multiple views,,,,,,,,,,,,,
head-mounted monitor,"monitor, head-mounted display",,,,,,,,,,,,,
taker pov,"pov, imminent oral ","pov, imminent fellatio",,,,,,,,,,,,
cigarette butt,"cigarette, -holding cigarette",,,,,,,,,,,,,
nipple object insertion,nipple insertion,,,,,,,,,,,,,
dilation tape,"gaping anus, tape","gaping pussy, tape",,,,,,,,,,,,
riding crop,"whip, bdsm","whip, slapping","whip, spanking",,,,,,,,,,,
holding riding crop,"riding crop, holding","riding crop, holding whip",,,,,,,,,,,,
futa on male,"futa with male, femdom","1boy, 1girl, futanari, femdom",,,,,,,,,,,,
"clitoris piercing, labia piercing",pussy piercing,,,,,,,,,,,,,
print bodysuit,"leopard print, bodysuit","american flag print, bodysuit",,,,,,,,,,,,
print leotard,"leopard print, leotard","american flag print, leotard",,,,,,,,,,,,
expanded anus,deformed anus,,,,,,,,,,,,,
radiant light,radience,,,,,,,,,,,,,
mechanical stub,"mechanical parts, armsless","mechanical parts, armless","mechanical parts, legless","mechanical parts, legsless","cyborg, armless ","cyborg, armsless ","cyborg, legless ","cyborg, legsless ",,,,,,
"stasis tank, stasis tube","tube, sex machine","sex machine, in container",,,,,,,,,,,,
"peeing on another, peeing on viewer, peeing self",peeing,,,,,,,,,,,,,
"nipple rings, nipple bar, nipple jewelry",nipple piercing,,,,,,,,,,,,,
"square nipple rings, bulb nipple rings",nipple rings,,,,,,,,,,,,,
beast boy (dc),"raven (dc), green skin",,,,,,,,,,,,,
humiliation,"2boys, ntr",,,,,,,,,,,,,
hanging key,"holding key, key necklace",,,,,,,,,,,,,
small penis humiliation,"small penis, pinky out","chastity cage, pinky out","pov chastity, pinky out","pov chastity, pinching gesture","small penis, pinching gesture","chastity cage, pinching gesture","pink chastity cage, pinching gesture",,,,,,,
slutification,"gyaru, sequence","ganguro, sequence","kogal, sequence",,,,,,,,,,,
combatification,"sequence, squatting, spread legs",,,,,,,,,,,,,
bondage mittens,"boxing gloves, -boxing",,,,,,,,,,,,,
diaper,diaper changing,,,,,,,,,,,,,
bunnyfication,"playboy bunny leotard, sequence",,,,,,,,,,,,,
snapping choker,"choker, sequence","throat bulge, choker",,,,,,,,,,,,
buttjob,"straddling, -anal, -vaginal",,,,,,,,,,,,,
holding grail,"holding cup, chalice","holding cup, holy grail (fate)",,,,,,,,,,,,
cum bubble,"nose bubble, cum in mouth","nose bubble, cum in nose",,,,,,,,,,,,
"red hair-tips,blue hair-tips,green hair-tips,black hair-tips,white hair-tips,grey hair-tips,gray hair-tips,beige hair-tips,brown hair-tips,pink hair-tips,orange hair-tips,gold hair-tips,blonde hair-tips,yellow hair-tips,purple hair-tips,aqua hair-tips",colored tips,,,,,,,,,,,,,
"cum in forehead keyhole, forehead keyhole penetration, fingering forehead keyhole, spread forehead keyhole, forehead keyhole","abigail williams (fate), keyhole",,,,,,,,,,,,,
key in keyhole,"key, keyhole",,,,,,,,,,,,,
dilation tape,"tape, spread pussy","tape, gaping pussy",,,,,,,,,,,,
ball insertion,"ball, vaginal object insertion","ball, anal object insertion",,,,,,,,,,,,
nipple object insertion,gaping nipples,,,,,,,,,,,,,
exposed ovaries,ovary prolapse,,,,,,,,,,,,,
urethra beads,pink sounding rod,,,,,,,,,,,,,
viewer grabbing ass,"ass grab, pov","ass grab, pov hands","ass grab, pov one hand","ass grab, pov crotch",,,,,,,,,,
"disappointed, annoyed",shaded face,,,,,,,,,,,,,
clitoris ring,"clitoris piercing, labia ring",,,,,,,,,,,,,
labia ring,"clitoris ring, labia piercing","clitoris ring, pussy piercing",,,,,,,,,,,,
brushing,holding toothbrush,toothbrush,,,,,,,,,,,,
militry uniform,"military hat, uniform",,,,,,,,,,,,,
bladder,"cross-section, urethra insertion",,,,,,,,,,,,,
injection,needle tentacles,,,,,,,,,,,,,
photorealistic,"photo (medium), realistic",,,,,,,,,,,,,
realistic,"3d background, -photorealistic","3d, -photorealistic",,,,,,,,,,,,
gross nipples,"gross pussy, huge nipples, dark areolae","gross pussy, huge nipples, dark nipples",,,,,,,,,,,,
smelly armpits,"smell, armpit hair","presenting armpit, steaming body",,,,,,,,,,,,
smelly pussy,"smell, excessive pubic hair",,,,,,,,,,,,,
smelly anus,"smell, anal hair",,,,,,,,,,,,,
holding cigarette,"holding, cigarette",,,,,,,,,,,,,
"smoke trail, blowing smoke","holding cigarette, smoke",,,,,,,,,,,,,
half-erect,"erection, flaccid",,,,,,,,,,,,,
photo (medium),"3d, photorealistic",,,,,,,,,,,,,
dentures,fake teeth,,,,,,,,,,,,,
ultraviolet light,black light,,,,,,,,,,,,,
"fertilization, cross-section",ovum,,,,,,,,,,,,,
cross-section,fertilization,,,,,,,,,,,,,
western style,raven (dc),beast boy,starfire,mario,princess peach,bowser,princess zelda,jinx (league of legends),"widowmaker (overwatch), -3d, -3d blender",tracer (overwatch),,,,
interspecies,"1girl, 1other, bestiality",,,,,,,,,,,,,
"fetus, umbilical cord","x-ray stomach, pregnant",,,,,,,,,,,,,
cubic diorama,"diorama, isometric",,,,,,,,,,,,,
holding onahole,"onahole, holding",,,,,,,,,,,,,
sex toy in bag,"dildo, handbag","dildo, shoulder bag",,,,,,,,,,,,
1other,robot,mecha,,,,,,,,,,,,
"white armor, yellow accent armor, blue armor, grey frame, red accent armor",mobile suit,,,,,,,,,,,,,
"white armor, grey frame",variable fighter,,,,,,,,,,,,,
"backwind, upwind, sidewind, headwind",wind,,,,,,,,,,,,,
tossing,"floating object, hand up",,,,,,,,,,,,,
cbt,crotch kick,,,,,,,,,,,,,
signature,watermark,,,,,,,,,,,,,
uneven ahegao,"uneven eyes, ahegao",,,,,,,,,,,,,
yakuza,"shoulder tattoo, flower tattoo, mature female",,,,,,,,,,,,,
outie navel,"navel, navel ring",,,,,,,,,,,,,
infinity earrings,"infinity, ereshkigal (fate)","infinity symbol, ereshkigal (fate)","earrings, ereshkigal (fate)",,,,,,,,,,,
film grain,chromatic aberration,,,,,,,,,,,,,
dun composition,gloomy composition,,,,,,,,,,,,,